167449157,Tyler,Moore,38,1171Samantha road,Eric Fitzgerald,queued,ticketed
73683609,Patricia,Bush,87,749Lucas road,Julie Smith,queued,ticketed
512558203,Brittany,Bright,59,369Dawn road,Raymond Hansen,queued,ticketed
45480878,Renee,Fisher,36,1007Jillian road,Jose Rodriguez,queued,ticketed
119049090,Kimberly,Robinson,66,1005Robert road,Kyle Garcia,queued,ticketed
582193829,Adam,Woods,12,190Kevin road,Michael Barry,queued,ticketed
474400458,Daniel,Williams,3,561Patrick road,Kenneth Barrett,queued,ticketed
210770696,Brandy,Stephens,40,1024Cindy road,Wendy Doyle,queued,ticketed
920989596,Jacob,Mills,9,1073Samantha road,Beth Henry,queued,ticketed
203409937,Brett,Taylor,23,826Alfred road,Brian Oliver,queued,ticketed
254888928,Kenneth,Kelley,37,882James road,Justin Johnson DDS,queued,ticketed
212769153,Ashley,Bell,105,77Sherri road,Aaron Rice,queued,ticketed
972405648,Michael,Campbell,103,891Raymond road,Sara Pearson,queued,ticketed
239982561,Jerry,Jones,29,213Stephanie road,Ronald Whitney,queued,ticketed
87993942,Lynn,Christensen,85,639Debra road,Juan Espinoza,queued,ticketed
119862185,Kayla,Hays,66,1031Samantha road,Robert Barnes,queued,ticketed
513470675,Claudia,Ingram,113,1195Joe road,Ronald Watts,queued,ticketed
957596996,Alice,Mack,109,660Kurt road,Patrick Horton,queued,ticketed
599658338,Katie,Smith,10,369Kevin road,Ryan Garrison,queued,ticketed
517599983,Alexander,Hardin,53,1182Ashley road,Nicole Collins,queued,ticketed
380156225,Brittany,Nielsen,25,331Carly road,Katherine Rodriguez,queued,ticketed
733764475,Gary,Cowan,20,500Carla road,Kevin Roberts,queued,ticketed
747094415,Richard,Lewis,27,753Anthony road,Danielle Mcguire,queued,ticketed
464710334,Kayla,Graves,119,671Julie road,Kelly Maldonado,queued,ticketed
227470686,Adam,Davis,61,468Carmen road,Christopher Mills,queued,ticketed
439987303,Mary,Powell,81,424Robin road,Michael Wong,queued,ticketed
410455067,Christine,Mcgee,113,681Terrance road,Andrew Taylor,queued,ticketed
834960827,Katherine,Rodriguez,104,712David road,April Kennedy,queued,ticketed
427365681,Linda,Peters,91,239Heather road,Patricia Hess,queued,ticketed
640017942,Stephen,Kennedy,84,741Kenneth road,Joshua Ramsey,queued,ticketed
324298494,Ashley,Stevens,99,40Tim road,Karen Stone,queued,ticketed
371284901,Melanie,Martin,7,1098Kaitlin road,Stephanie Brennan,queued,ticketed
44737316,Brian,Day,82,104Eric road,Jacob Johns,queued,ticketed
871564801,Heather,Sullivan,108,418William road,Colleen King,queued,ticketed
514104480,Marilyn,Gross,18,1054Billy road,James Young,queued,ticketed
993549712,Kevin,Hood,83,1085Jose road,Mary Harris,queued,ticketed
425680338,Alicia,Lopez,63,884Christy road,Elizabeth Swanson,queued,ticketed
371115411,Joann,Hill,25,448Edwin road,Joseph Reyes,queued,ticketed
605619240,Jared,Martin,13,171Rachel road,Cynthia Phillips,queued,ticketed
222860656,Shelby,Hopkins,98,112Tiffany road,Belinda Gonzalez,queued,ticketed
509429667,Charles,Dunn,44,854Gregory road,Bethany Clark,queued,ticketed
615265459,Darrell,George,119,1176James road,Jonathan Little,queued,ticketed
380900570,Steven,Sanchez,39,811Thomas road,Tonya Nguyen,queued,ticketed
825042460,David,Rivas,23,385Anthony road,Jeffrey Scott,queued,ticketed
434493568,Seth,Russell,75,1090Stephen road,Patrick Fields,queued,ticketed
847920333,Shannon,Stewart,120,490Zachary road,Carlos Winters,queued,ticketed
112855066,George,Stevens,65,400Larry road,Jesse Wood,queued,ticketed
582078901,Zachary,Morton,34,192Kenneth road,Janet King,queued,ticketed
153415678,Jessica,Pollard,99,1120Robert road,Chad Salinas,queued,ticketed
629718195,Jennifer,Santos,68,743Rebecca road,Michael Ward,queued,ticketed
643767691,Brittney,Brown,79,641Kevin road,Mark Roberson,queued,ticketed
912234787,Amy,Green,66,757Dustin road,Gail Sanchez,queued,ticketed
359376584,Catherine,Fuller,29,340James road,Christopher Russell,queued,ticketed
799557979,Adam,Moore,85,579Hannah road,Heather Potts,queued,ticketed
540270270,Jesse,Jackson,113,824Kelly road,Michael Johnson,queued,ticketed
780082849,Luke,Mcclure,3,849Nicole road,Emily Green,queued,ticketed
400633162,Timothy,Bradford,48,881Pamela road,Rebecca Horton,queued,ticketed
577672578,Bobby,Oneal,13,626Kim road,Stephanie Velasquez,queued,ticketed
178249244,Courtney,Arnold,40,123Bobby road,Stephanie Vance,queued,ticketed
627892133,Bethany,Hunter,60,410Nicole road,Joshua Garcia,queued,ticketed
101894240,Sean,Johnson,10,250Amanda road,Sonya Rogers,queued,ticketed
456328054,Philip,Hunter,75,350Amy road,Jennifer Rivera,queued,ticketed
324160071,Gabriel,Rogers,90,381Autumn road,Barbara Tran,queued,ticketed
204174622,Jonathon,Pratt,64,896Jennifer road,Brian Morales,queued,ticketed
506461440,Lisa,Matthews,80,1059Rebecca road,Andrea Hoffman,queued,ticketed
829068896,Richard,Moore,10,777Christopher road,Leah Larsen,queued,ticketed
588909833,Robert,Oconnell,12,387Kelly road,Matthew Thompson,queued,ticketed
986346681,Ryan,Collins,53,41Teresa road,Travis Castillo,queued,ticketed
944313617,Ana,Ford,57,341Heather road,Karen Scott,queued,ticketed
159278334,Brandon,Smith,77,1030Erica road,Robin Gilbert,queued,ticketed
826922910,Kristie,Lewis,85,86Nancy road,Alexander Key,queued,ticketed
240127557,Courtney,Lucero,19,1006Douglas road,Mary Reyes,queued,ticketed
290474538,Hannah,Oliver,69,349Jennifer road,Gary Roberts,queued,ticketed
408083027,Joseph,Moran,113,510Justin road,Terry Stewart,queued,ticketed
339950297,Stacie,Glenn,35,912Steven road,Lauren Rodriguez,queued,ticketed
336482980,Shannon,Huff,44,454Kathleen road,Carolyn Williams,queued,ticketed
641810515,Belinda,French,78,536Janice road,Traci Smith,queued,ticketed
315589711,Michael,Bird,25,498Wanda road,Angela Burke,queued,ticketed
732512724,James,Bell,28,899Scott road,Rachael Reed,queued,ticketed
305983321,Devin,Weeks,65,229Neil road,Tiffany Eaton,queued,ticketed
411132551,Deborah,Reyes,52,42Joshua road,Michael Clay,queued,ticketed
501868053,Lisa,King,19,901Jason road,Dr. Briana Kim,queued,ticketed
281918904,Deanna,Bryant,68,719Matthew road,Donald Baker,queued,ticketed
523059117,Heather,Horton,104,61Joseph road,Jacob Young,queued,ticketed
340910333,Emily,Schultz,10,567Kelly road,Mrs. Tiffany Singh,queued,ticketed
18883828,Barry,Huffman,2,243Kayla road,Brett Barton,queued,ticketed
484998909,Tammy,Barnes,45,576Whitney road,Linda Garcia,queued,ticketed
792884523,Debbie,Hawkins,63,1012Thomas road,Savannah Blankenship,queued,ticketed
384339693,Richard,Spencer,36,1022Daniel road,David Elliott,queued,ticketed
344149265,Bryan,Morgan,111,81Daniel road,Denise Morris,queued,ticketed
447566934,Jack,Chavez,113,969Kristi road,Tracy Love,queued,ticketed
512538874,James,Smith,30,397Brandy road,Veronica Robinson,queued,ticketed
680927111,Melanie,Ortega,104,881Lisa road,Peter Rivera,queued,ticketed
95497385,Rachel,Pruitt,81,329Brandon road,Pamela Hunter,queued,ticketed
574731240,Vanessa,Lawson,100,687William road,Amanda Vasquez,queued,ticketed
79659332,John,Gates,4,243Erica road,Walter Mcfarland,queued,ticketed
933939725,Angel,Ramirez,9,908Patricia road,Joel Johnson,queued,ticketed
592808612,Timothy,Williams,37,428Melissa road,Holly Brown,queued,ticketed
458228718,Sonya,Watson,5,526Jennifer road,Grace Wade,queued,ticketed
188578610,Alexandria,Goodman,101,392Desiree road,Edwin Reynolds,queued,ticketed
477603986,Karen,Smith,49,1050Zachary road,David Koch,queued,ticketed
863576813,Jessica,Robbins,20,913Eric road,Emily Allen,queued,ticketed
870594580,Janet,Mccarty,79,914Susan road,Patrick Hicks,queued,ticketed
488989085,Jessica,Boone,13,344Jonathan road,Ashley Zuniga,queued,ticketed
448860743,Tara,Rodriguez,19,234Brian road,Christopher Jones,queued,ticketed
45024470,Jacob,Gallegos,100,1114Christopher road,Kevin Hughes,queued,ticketed
656536313,Chad,Chen,27,863Brittany road,Taylor Jennings,queued,ticketed
891299826,Becky,Gonzalez,11,648Ronald road,Joseph Hernandez,queued,ticketed
493551143,Scott,Greene,31,355Becky road,Brandy Scott,queued,ticketed
37846939,Cory,Copeland,118,352Brian road,Dr. Timothy Robertson,queued,ticketed
693208203,John,Stone,114,732Jennifer road,Matthew Watkins,queued,ticketed
280437879,Alyssa,Cook,116,155Patricia road,David Rubio,queued,ticketed
958438535,Jennifer,Mejia,38,954Cassie road,Joe Sawyer,queued,ticketed
457091581,Rebecca,Lee,36,819Sheri road,Molly Stevenson,queued,ticketed
346473699,Jason,Williams,30,454Jamie road,William Williams,queued,ticketed
428285061,Sarah,Webb,68,693John road,Paige Nelson,queued,ticketed
581517046,Samantha,Gray,45,184Kelly road,Brian Harvey,queued,ticketed
838701738,Ann,Wells,12,502Diane road,Anthony Fowler,queued,ticketed
913782577,Danielle,Moreno,108,981Michael road,Amanda Williamson,queued,ticketed
236008259,Jeffery,Howard,73,367Cody road,Eric Gregory,queued,ticketed
299726211,Haley,Hill,100,1192Julie road,Robert Davis,queued,ticketed
291453766,Jill,Williams,24,411Christine road,Eric Daniels,queued,ticketed
52758535,Donald,Benson,77,1000Jessica road,Leslie Mcbride,queued,ticketed
366195301,Brett,Murphy,91,852Selena road,Michael Diaz,queued,ticketed
134330879,Dylan,Schultz,73,942Danny road,Geoffrey King,queued,ticketed
675868446,Brian,Higgins,58,255Bryan road,Tammy Mendoza,queued,ticketed
898891195,Michelle,Hernandez,33,714Andrew road,Kevin Jackson,queued,ticketed
252269647,Timothy,Sanders,43,1144James road,Catherine King,queued,ticketed
75984954,Eric,Henderson,10,847Donna road,Mr. Christopher Johnson Jr.,queued,ticketed
607254511,Amanda,Hawkins,59,84Felicia road,Rachael Whitney,queued,ticketed
600462654,Mark,White,20,1056Ryan road,Kimberly Jones,queued,ticketed
837359534,Theresa,Arnold,94,823Patricia road,Jean Gordon,queued,ticketed
604422662,Jessica,Schneider,71,528Craig road,James Moore,queued,ticketed
425327205,Heidi,Cortez,84,949Daniel road,Cameron Jackson,queued,ticketed
385371220,Samuel,Aguilar,14,703Felicia road,Teresa Olson,queued,ticketed
557577748,Stephen,Oconnor,101,25Eric road,David Morris,queued,ticketed
891820875,Jacob,Vang,8,447Sally road,Jenna Mitchell,queued,ticketed
551248787,Patricia,Walton,46,993Bill road,Miranda Mcfarland,queued,ticketed
830893982,Matthew,Hampton,14,874Christina road,Harold Carter,queued,ticketed
426955623,Jimmy,Hines,63,202Thomas road,Kathleen Thompson,queued,ticketed
565011374,Holly,Nguyen,62,768Alexis road,Mandy Davis,queued,ticketed
265702927,Carmen,Bernard,8,456Connor road,Christy Jackson,queued,ticketed
266021432,Kristin,Jones,108,620Rebecca road,Sandra Dunn,queued,ticketed
262354240,Sharon,Johnson,97,692Misty road,Frank Hawkins,queued,ticketed
118812809,Christina,Morris,79,60Kimberly road,Roger Gross,queued,ticketed
584989047,Jason,Beasley,95,207Zachary road,Jennifer Lara,queued,ticketed
997972018,Trevor,Rose,28,286Jacob road,Robert Hughes,queued,ticketed
834989972,Timothy,Thomas,89,1087Samantha road,Laura Hurst,queued,ticketed
750877028,Jennifer,King,51,360Heather road,Ashley Ellis,queued,ticketed
445190472,Elaine,Mendez,54,489Tyler road,Jessica Johnson,queued,ticketed
547104967,Theresa,Davidson,8,184Linda road,Karen Rodriguez,queued,ticketed
663618819,Jennifer,Robinson,16,536Hannah road,Richard Nicholson,queued,ticketed
680551494,Kristine,Christensen,71,950Craig road,Peggy Rose,queued,ticketed
569987712,Randy,Pugh,29,839Joe road,Lucas Reynolds,queued,ticketed
17785424,Christina,Garner,114,784Emma road,Amber Smith,queued,ticketed
531120603,Randall,Meyer,88,524Emily road,Shelly King,queued,ticketed
10669890,Lucas,Wilson,76,762Bryan road,Bobby Barnes,queued,ticketed
229261703,Kristina,Wheeler,108,156Amy road,Jonathan Edwards,queued,ticketed
277838307,Kathleen,Harmon,103,659Lisa road,Tammy Payne,queued,ticketed
224254469,Anthony,Hernandez,52,21Kelly road,Lindsey Stevens,queued,ticketed
464749751,Kyle,Chavez,104,702Joshua road,Mitchell Ford,queued,ticketed
28434488,Alexander,Smith,118,672Nicholas road,Mr. Daniel Taylor,queued,ticketed
881202025,Eddie,Conley,118,448Derek road,Joe Allen,queued,ticketed
873395301,Mark,Stephens,70,658Elizabeth road,Mr. Matthew Fernandez,queued,ticketed
649163082,Elizabeth,Schmidt,12,907Stephen road,Judith Hunter MD,queued,ticketed
47487113,Michael,Alvarado,71,860William road,Sherri Salazar,queued,ticketed
851930341,Jon,Marsh,75,142Christopher road,John Castillo,queued,ticketed
666648458,Alan,Garza,49,579Lori road,Brandi Martinez,queued,ticketed
338205685,Darin,Richards,30,400Raymond road,Ashley Wilson,queued,ticketed
686100393,Richard,Mcgee,29,352Jerome road,Darlene Smith,queued,ticketed
44841022,Luis,Dyer,108,974Meghan road,Andrea Nolan,queued,ticketed
170449041,Willie,Davis,118,619Cynthia road,Hunter Johnson,queued,ticketed
659780505,Cindy,Prince,16,32William road,Donna Maldonado,queued,ticketed
553114921,Nicole,Weber,101,258Jorge road,Donald Gordon,queued,ticketed
290239056,Victor,Terry,72,145Gregory road,Jo Bartlett,queued,ticketed
18049797,Terry,French,116,33Brett road,Gary Chandler,queued,ticketed
588587465,Christina,Brock,82,608Carol road,Annette Taylor,queued,ticketed
195402785,Travis,Martin,118,554Tiffany road,Eugene Hobbs,queued,ticketed
636320547,Tony,Davenport,102,950Sharon road,Stephen Ramos,queued,ticketed
784954232,Kathy,Stewart,101,737Donna road,Jennifer Neal,queued,ticketed
49218305,Michael,Franco,9,299Scott road,Benjamin Mann,queued,ticketed
904113673,Alexander,Elliott,38,954Alexander road,John Harris,queued,ticketed
859747026,Eric,Myers,23,1106Dominic road,Jim Schwartz,queued,ticketed
372011385,Keith,Guerra,72,526Madeline road,Patricia Thompson,queued,ticketed
865729975,John,Nelson,19,1143Charles road,Corey Mcmahon,queued,ticketed
839870843,Daniel,Martinez,68,1078Ronnie road,Regina Williams,queued,ticketed
635123656,Tammie,Bowers,69,996Regina road,Monica Braun,queued,ticketed
653960935,Stacie,Wells,41,741Brandi road,Kristina Brooks,queued,ticketed
227073999,Thomas,Peterson,93,1067Jeffrey road,Mark Perry,queued,ticketed
514659993,Edward,Daniels,84,129Rachel road,Leroy Sutton,queued,ticketed
303614818,Tiffany,White,82,823Jill road,Lydia Graham,queued,ticketed
441618353,Brian,Williams,116,1097Shannon road,Carl Bryant,queued,ticketed
562302368,Dylan,Nunez,58,626Joseph road,Lauren Jensen,queued,ticketed
370144272,Alyssa,Park,104,120Katie road,Lisa Jones,queued,ticketed
478911214,Dawn,Valentine,104,957Alex road,Devin Gentry,queued,ticketed
170078666,Jessica,Hoffman,43,781Michael road,Katherine Davis,queued,ticketed
189204576,Kathleen,Daugherty,103,965Scott road,Sean Fisher,queued,ticketed
984124769,Jason,Carney,84,904Laura road,Isaac Williams,queued,ticketed
498388795,Natalie,Gregory,68,1066Aaron road,Lisa Lawson,queued,ticketed
88207278,Gabriel,Anderson,25,498Jason road,Christopher Taylor,queued,ticketed
151522579,Heather,Perkins,16,663Michael road,Elizabeth Martinez,queued,ticketed
882658138,Deanna,Thomas,113,114Julie road,Eric Brown,queued,ticketed
460102750,Jamie,Kelly,55,897Joseph road,Sarah Sanders,queued,ticketed
622865424,Eddie,Holmes,103,495Daniel road,Connie Strickland,queued,ticketed
973629448,Kimberly,Nunez,79,395Tyler road,Gina Santiago,queued,ticketed
647694967,Jennifer,Murphy,81,639Tina road,Angela Garcia,queued,ticketed
496432405,Emily,Guzman,28,124Brian road,Vanessa Baker,queued,ticketed
772383229,Kevin,Williams,26,910Robert road,Terry Thompson,queued,ticketed
977476951,Michael,Wood,106,501Brenda road,Jason Roberts,queued,ticketed
522865247,Lisa,Mcdonald,33,1091Miguel road,Renee Hoover,queued,ticketed
829894916,Kevin,Garcia,16,1033John road,Stephen Garcia,queued,ticketed
353491806,David,Boyd,3,825Jacob road,James Morse,queued,ticketed
724293218,Erik,Floyd,48,667Margaret road,Mr. Lance Fuller DDS,queued,ticketed
566825660,Monica,White,63,387Cameron road,Tammy Miller,queued,ticketed
209203676,Heather,Johnson,13,945Madison road,Jason Benson MD,queued,ticketed
872457945,Taylor,Pacheco,65,1167Jillian road,Mr. Fred Garner,queued,ticketed
734335201,Kelly,Brown,114,285Justin road,Phyllis Lane,queued,ticketed
697643905,William,Henson,101,991Karen road,Debra Johns,queued,ticketed
265543193,Jennifer,Taylor,8,1102James road,Gregory Marquez,queued,ticketed
715326920,Michael,Crawford,30,910Jessica road,Jessica Smith,queued,ticketed
336002913,Matthew,Williams,84,720Derek road,Madeline Browning,queued,ticketed
95424224,Tammy,Barry,15,548Andrea road,Jared Green,queued,ticketed
78137490,Angela,Cobb,63,362Elizabeth road,Chad Torres,queued,ticketed
949747238,Dustin,Butler,35,434Fernando road,Hannah Jones,queued,ticketed
890182215,Nicole,Meyer,106,946Jackson road,Colleen Gonzalez,queued,ticketed
463743735,Anna,Andrews,112,951Emily road,Stephen Hartman,queued,ticketed
728810962,Rose,Miller,83,570Amy road,Jonathan Bradley,queued,ticketed
341655470,Blake,Ruiz,68,766Nicholas road,Kaylee Shah,queued,ticketed
112687506,Brian,Pierce,37,1082Scott road,Rachel Luna,queued,ticketed
536295416,Linda,Montes,4,344Dawn road,Kevin Lee,queued,ticketed
731354821,Sherry,Powell,50,642Susan road,Roberto Choi,queued,ticketed
653332567,Joshua,Kennedy,74,148Brianna road,Jacqueline Wyatt,queued,ticketed
80686088,Robin,Ingram,48,685Peter road,Melissa Barrett,queued,ticketed
437781396,Jason,Edwards,56,1101Benjamin road,Shawn Tucker,queued,ticketed
81744709,Maria,Riley,59,455Joseph road,Tiffany Mcgee,queued,ticketed
953385109,Jason,Thompson,89,183Heather road,Hannah Stevens,queued,ticketed
29823871,Sarah,Barker,71,138Kristen road,Mrs. Rebecca Matthews,queued,ticketed
845320837,Joseph,Yates,22,1151Paul road,Karen Mcdonald,queued,ticketed
351780783,Brandon,Kemp,8,538Charles road,Julia Marks,queued,ticketed
106675845,Luke,Harris,48,408Jennifer road,Rachel Garcia,queued,ticketed
324781211,John,Cruz,19,1165Harold road,Christopher Martinez,queued,ticketed
410479110,James,Garcia,113,967Shari road,Dr. Valerie Henry,queued,ticketed
585486026,Timothy,Meyer,25,1032Ronald road,Thomas Lewis,queued,ticketed
923889293,Lindsey,Valenzuela,118,1016Andrew road,James Carter,queued,ticketed
255713064,Kelsey,Miller,67,969Charles road,Chelsea Winters,queued,ticketed
751602435,Alexis,King,11,697Jessica road,Nathaniel Villarreal,queued,ticketed
946759080,Anthony,Hughes,3,1102Victoria road,Caitlin Jones,queued,ticketed
24572438,Julie,Gutierrez,86,1070Judy road,Robert Dominguez,queued,ticketed
457522553,Christina,Henderson,112,717Jessica road,Jacob Juarez,queued,ticketed
124824361,Rachel,Prince,85,280Tammy road,John Ortiz,queued,ticketed
270768522,Michele,Graham,25,1045Edward road,Kimberly Ward,queued,ticketed
309365472,Brad,Black,17,154Joshua road,Tammy Mckinney,queued,ticketed
386362876,Jason,Mcbride,25,605Ashley road,Dr. Nicholas Miller,queued,ticketed
336087468,Kimberly,Martinez,109,594Shelley road,Stephen Stein,queued,ticketed
64082456,Manuel,Smith,98,16Matthew road,Lauren Wilson,queued,ticketed
984281182,Victoria,Powers,72,774Jennifer road,Christopher Taylor,queued,ticketed
175399795,Julie,Heath,18,49Tracy road,Michelle Johnson,queued,ticketed
706798793,Jason,Fleming,10,424Justin road,Latasha Jenkins,queued,ticketed
26854377,Mark,Donaldson,45,567Meredith road,Billy George,queued,ticketed
125176552,Danielle,Kelly,68,128Brian road,Nichole Davis,queued,ticketed
310119620,Carla,Hodges,86,1068Sherri road,Steven Mccormick,queued,ticketed
412470512,Harold,Clayton,72,946Charles road,Richard Reid,queued,ticketed
87626376,Jennifer,Meyer,16,800Chad road,Amber Morris,queued,ticketed
193005057,Heather,Bentley,94,651Steven road,Amber James,queued,ticketed
367910970,Ashley,Ramirez,65,282James road,Taylor Johnson,queued,ticketed
243749309,Shannon,Brown,72,1000Richard road,Danny Zavala,queued,ticketed
586952703,Veronica,Reyes,107,1154Joel road,Stephanie Marsh,queued,ticketed
68121594,Erin,Mcmillan,70,787William road,James Kelly,queued,ticketed
234035449,Michael,Ellison,98,1077Daniel road,Kimberly Miller,queued,ticketed
840799541,Alexander,Booth,76,774Lauren road,Lauren Ward,queued,ticketed
714562357,Jessica,Smith,28,218Gabrielle road,Bobby Austin,queued,ticketed
884482676,Jeffrey,Walker,106,676Lisa road,Melvin Kelly,queued,ticketed
29111655,Charles,West,67,1152April road,Shane Allen,queued,ticketed
439074785,Steven,Gilmore,90,1100Kelly road,Nancy Gonzalez,queued,ticketed
391864940,Timothy,Poole,91,221Melissa road,Scott Austin,queued,ticketed
289824307,Gloria,Saunders,11,246Anna road,Amanda Madden,queued,ticketed
276343965,Andrew,Crawford,30,680Katelyn road,Kylie Rogers,queued,ticketed
10966409,Christy,James,46,1179Rhonda road,Regina Boone,queued,ticketed
323965223,Mark,Wright,44,642Morgan road,Deborah Porter,queued,ticketed
153954547,Martha,Jordan,75,1181Bradley road,John Weiss,queued,ticketed
595624162,Jillian,Black,96,343John road,Isaac Phelps,queued,ticketed
287512173,Charles,Miranda,82,1023Jeffrey road,Kathy Mack,queued,ticketed
877544403,Susan,Martinez,87,941Christopher road,Deborah Robertson,queued,ticketed
493565849,Tyler,Ross,104,31Anna road,Elizabeth Carter,queued,ticketed
476337272,Samantha,Craig,30,833Gregory road,William Townsend,queued,ticketed
270234383,Karen,Soto,36,300Patricia road,Vanessa Barajas,queued,ticketed
341466934,Eric,Aguilar,66,31Lawrence road,Sheila Mccullough,queued,ticketed
96247093,Dwayne,Morris,62,285Tanya road,Cynthia Grant,queued,ticketed
702704716,Howard,Bird,115,227Judith road,Carrie Armstrong,queued,ticketed
837042348,Anthony,Ibarra,110,543Kathryn road,Mrs. Dana Fisher,queued,ticketed
705223946,Ryan,Lopez,56,228Curtis road,Stephen Harris,queued,ticketed
508357892,Jonathan,Huffman,6,312Joanna road,Mrs. Dorothy Young,queued,ticketed
588580927,Jared,Stevens,14,764Laura road,Howard Wright,queued,ticketed
449741257,Noah,Foster,3,386David road,David Santos,queued,ticketed
732833764,Allison,Perry,97,464Kelly road,Susan Jones,queued,ticketed
280198502,Melissa,Thompson,31,669Michael road,David Howard,queued,ticketed
409816143,Jesse,Garcia,27,323Charles road,Jose Adkins,queued,ticketed
732220456,Haley,Kaufman,14,1019Trevor road,Sara Villanueva,queued,ticketed
577058491,Matthew,Ramirez,10,168Michael road,Kristi Montoya,queued,ticketed
273197897,Kyle,Jones,5,680David road,David Tucker,queued,ticketed
507956882,Ricardo,Roberts,36,539Loretta road,Maria Colon,queued,ticketed
150348620,Michael,Brooks,53,498John road,Judy Campbell,queued,ticketed
727921568,Andrew,Barnett,117,174Barbara road,Ernest Torres,queued,ticketed
61096430,Michelle,Daniels,74,104Deborah road,Nicole Carter,queued,ticketed
865932604,Chad,Bauer,2,86Lee road,Wayne Williams,queued,ticketed
137255383,Kristopher,Kaufman,87,1157Michael road,Ernest Klein,queued,ticketed
667330199,Julian,Hensley,14,364Lisa road,Kenneth Cook,queued,ticketed
653408211,Wendy,Thomas,58,693Juan road,David Torres,queued,ticketed
673187476,Jessica,Stewart,27,947Jorge road,Brandi Larson,queued,ticketed
402609399,Joel,Ortega,31,954Amanda road,Samantha Briggs,queued,ticketed
348433613,Stephen,Pham,54,155Alexandra road,William Hernandez,queued,ticketed
23349762,George,Wilkerson,75,678Aaron road,Megan Williams,queued,ticketed
101357386,Jacqueline,Peters,28,991Jeffery road,Mr. Michael Perry,queued,ticketed
392458798,Benjamin,Wolfe,8,126Patricia road,Katrina Adams,queued,ticketed
46746243,George,Mcdonald,67,1155Debra road,Heather Chase,queued,ticketed
632559859,Brandon,Jones,49,944Justin road,Andrew Sullivan,queued,ticketed
406190551,Bernard,Martinez,2,269Olivia road,James Holmes,queued,ticketed
313226389,Jacob,Martin,10,327Jessica road,Michael Johnson,queued,ticketed
797962568,Megan,Casey,110,288Zachary road,John Mills,queued,ticketed
309040143,Derek,Wilson,76,142Sarah road,Sara Hernandez,queued,ticketed
743597820,Ashley,Pierce,61,107Cindy road,Logan Bradley,queued,ticketed
621626364,Dana,Baker,42,562Kyle road,Seth Smith,queued,ticketed
484917721,John,Duncan,94,87Meghan road,Erica Castro,queued,ticketed
599613450,Tamara,Wright,6,784Mark road,Jennifer Jordan,queued,ticketed
860806135,Jeff,Smith,61,113Kyle road,Olivia Holmes,queued,ticketed
188036474,James,Martin,84,13Henry road,Heidi Rodriguez,queued,ticketed
444622815,Christine,Jackson,14,1144Alan road,Anne Meyer,queued,ticketed
55157146,Michael,Wright,77,522Rachel road,Sheila Garcia,queued,ticketed
387926105,Elizabeth,Ryan,22,334Christopher road,Sara West,queued,ticketed
934715056,Chad,Fernandez,92,724Amanda road,Ms. Jacqueline Hall,queued,ticketed
528915146,Hunter,Collins,45,2Jaime road,Omar Shannon,queued,ticketed
148685699,Emily,Braun,72,943Jason road,Cole Hall,queued,ticketed
402501329,Ashley,White,14,946Stephanie road,Briana Campbell,queued,ticketed
196958490,John,Owens,7,245Jason road,John Byrd,queued,ticketed
182912764,Tristan,Downs,97,897Sara road,David Sloan,queued,ticketed
900734242,Samantha,Davidson,93,411Melanie road,Michael Petersen,queued,ticketed
222919377,Michael,Clark,6,1067Jennifer road,Shannon Stevens,queued,ticketed
276167272,Oscar,Martinez,97,957Anna road,Daniel Ruiz,queued,ticketed
511999523,Angela,Thompson,57,873Tracy road,Robert Wilson,queued,ticketed
545007755,Grace,Park,117,1006Christopher road,Theodore Saunders,queued,ticketed
764239544,Robert,Hoover,24,208Andrea road,Thomas Schmidt,queued,ticketed
127368585,Jeremy,Gregory,86,1101Charlotte road,Rachel Frazier,queued,ticketed
328505444,Yvette,Escobar,26,681Angela road,Stephen Barton,queued,ticketed
400664190,Daniel,Sheppard,118,93Kevin road,Matthew Peterson,queued,ticketed
631194679,Emily,White,57,424Meghan road,Michelle Cain,queued,ticketed
35228571,Michael,Miller,55,855Claudia road,Joseph Carter,queued,ticketed
525321305,Michael,Anderson,84,697Jessica road,Jermaine Shepard,queued,ticketed
219160938,Stephanie,Adkins,118,335Michael road,Samantha Mcclure,queued,ticketed
195977982,Craig,Sampson,29,733Brooke road,Jennifer Mccoy,queued,ticketed
889950550,Victoria,Cochran,17,275Angela road,Erin Gonzalez,queued,ticketed
555805772,James,Hughes,84,265Erik road,Martha Johnson DVM,queued,ticketed
834245897,Linda,Hernandez,85,168Melissa road,Sabrina Glover,queued,ticketed
725418783,Richard,Nichols,101,938Terry road,Steven Lloyd,queued,ticketed
626640353,Michelle,Hines,40,315Jane road,Nicole Scott,queued,ticketed
962506131,Nicholas,Ruiz,9,286Devin road,Pamela Richardson,queued,ticketed
598745254,Jeffrey,Rodriguez,4,1095Douglas road,Carolyn Martinez,queued,ticketed
433475937,Shirley,Fowler,60,793Samantha road,Brooke Spencer PhD,queued,ticketed
224998359,Ruth,Jefferson,118,1025Belinda road,Derek Chen,queued,ticketed
966866759,Douglas,Pugh,9,214Molly road,Dr. Latasha Kirby,queued,ticketed
974331051,Robin,Sosa,4,923Samantha road,Kathryn Jackson,queued,ticketed
838708747,Julie,Pope,89,229Aaron road,Lauren Richards,queued,ticketed
910854179,Brian,Smith,77,95Jon road,James Good,queued,ticketed
273226175,Jason,Pace,108,391Melissa road,Mr. Raymond Medina,queued,ticketed
87490046,Victoria,Acosta,22,1075Lori road,Anthony Olson,queued,ticketed
187477987,Ariana,Ellis,33,863James road,Rachel Castro,queued,ticketed
508519947,Philip,Ruiz,118,832Jacob road,Timothy Morris,queued,ticketed
349001570,Barbara,Khan,2,704Melissa road,Paige Holland,queued,ticketed
565736401,Lisa,Collins,64,182Gabriel road,Mrs. Jacqueline Jones,queued,ticketed
996779619,James,Smith,63,734William road,Mary Watson,queued,ticketed
558355165,Emma,Weeks,102,566Whitney road,Kimberly Hansen,queued,ticketed
221465117,Alex,Campbell,52,944Julie road,Richard Guerrero,queued,ticketed
681489658,Adrienne,Abbott,51,947Lisa road,Steven Brown,queued,ticketed
564203647,Edward,Kelly,94,566Richard road,Samuel Lawrence,queued,ticketed
883435949,Alejandro,Sanders,96,379Stephanie road,Matthew White,queued,ticketed
180894264,Jill,Gilbert,29,197Curtis road,Stephen Bowen,queued,ticketed
300647874,Joel,Montes,37,429Daniel road,Christina Cole,queued,ticketed
582828908,Sarah,Roberson,36,810James road,Gloria Ryan,queued,ticketed
393365645,April,Mahoney,86,803Daniel road,Randall Guzman,queued,ticketed
520967526,Tracy,Vargas,100,841Darren road,Mark Turner,queued,ticketed
613907035,Oscar,Tran,43,728Kyle road,David Huynh,queued,ticketed
720618125,Cheryl,Ward,44,952Brian road,Stacey Reyes,queued,ticketed
825455271,Steve,Ortega,42,542Angela road,Sandra Walters,queued,ticketed
19671333,Jon,Rodriguez,12,458Nancy road,Brenda Blair,queued,ticketed
254867610,Christian,Ortiz,43,237David road,Benjamin Trujillo,queued,ticketed
996128194,Joe,Lewis,35,678Ryan road,Eric Johnson,queued,ticketed
347773436,Austin,Pineda,22,286Christina road,Glen Hodge,queued,ticketed
782123576,Beth,Hodge,34,774Melinda road,Amanda Atkins,queued,ticketed
344483271,Samuel,White,120,661Alan road,Theresa Lucero,queued,ticketed
112687167,Travis,Turner,67,687Marcus road,Justin Anderson,queued,ticketed
14002183,Lauren,Hill,96,744Joseph road,Michelle Cordova,queued,ticketed
385045656,Maria,Cantu,16,1083John road,Holly Mcguire,queued,ticketed
482407355,Crystal,Baker,17,523Raymond road,Donna Powell,queued,ticketed
287996098,Michelle,Fowler,68,725Daniel road,Craig Shea,queued,ticketed
752132519,Angela,Silva,2,850Timothy road,Nancy Burns,queued,ticketed
44143800,Matthew,Barber,80,29Damon road,Douglas Jones,queued,ticketed
668687149,Heather,Baker,4,501Kim road,Lori Phillips,queued,ticketed
564607311,Donna,Davies,49,493Mario road,Carrie Carson,queued,ticketed
819887355,Michael,Osborne,115,1151Jessica road,John Harris,queued,ticketed
846480478,Scott,Jackson,101,645William road,Alexander Bowman,queued,ticketed
247777052,Jerome,Hunter,118,1026Michelle road,James Baker,queued,ticketed
218079761,Michael,Garcia,84,781Carol road,Kristie Matthews,queued,ticketed
690217207,Leah,Johnson,42,812Chelsea road,Keith Turner,queued,ticketed
606643968,Peter,Wood,94,859John road,Pamela Hayes,queued,ticketed
886055722,Katelyn,Walker,104,936Debbie road,Michelle Hughes,queued,ticketed
495956642,Dawn,Fisher,30,696Theresa road,Eric Robertson,queued,ticketed
106084491,Michele,Johnson,86,634Teresa road,Dana Lee,queued,ticketed
166305137,Margaret,Mcclain,48,1083William road,Jeffrey Rodgers,queued,ticketed
947439757,Jamie,Johnson,72,608Cynthia road,Jacqueline Patterson,queued,ticketed
886534106,Steven,Mendez,7,927Connor road,Justin Bates,queued,ticketed
197211998,Sally,Henry,99,194Keith road,Jessica Cooley,queued,ticketed
201034574,Heather,Mcknight,5,757Mary road,Lisa Rodriguez,queued,ticketed
51974201,James,Lester,43,891Samuel road,Aaron Diaz,queued,ticketed
965512124,Tyrone,Barry,91,1132Rhonda road,Jennifer Thomas,queued,ticketed
376813364,John,Clark,96,942Adrian road,Sean Johnson DVM,queued,ticketed
298913594,Martin,Smith,6,218John road,Travis Aguirre,queued,ticketed
541370564,Lynn,Lester,20,659Kenneth road,Chad Stokes,queued,ticketed
665025853,Sandra,Nelson,27,846Dorothy road,Lawrence Martinez,queued,ticketed
875374685,Danielle,Williams,30,422David road,Daniel Rodgers,queued,ticketed
763974923,Matthew,Bryan,103,1091Edwin road,Allison Ramos,queued,ticketed
690900792,Jeffrey,Shaw,29,813Devin road,Angela Cummings,queued,ticketed
739871129,Joseph,Smith,62,340Tracy road,Debra Sawyer,queued,ticketed
535874142,Christopher,Bell,32,675Tanya road,Bryan Johnson,queued,ticketed
618516523,Miguel,Small,21,358Robert road,Victor Allen Jr.,queued,ticketed
175129972,Jeffery,Duke,108,92Dennis road,Wayne Santana,queued,ticketed
499257486,Charles,Garcia,80,194Rebecca road,Amy Cooke,queued,ticketed
548589095,Sharon,Hernandez,27,41Karen road,Benjamin Brown,queued,ticketed
849478798,Amanda,Griffin,9,351Philip road,Teresa Kramer,queued,ticketed
775916948,Leslie,Avila,68,943Jessica road,Tara Mcneil,queued,ticketed
351255426,Victoria,Reyes,89,204Debbie road,Edward Cohen,queued,ticketed
898819538,Willie,Buchanan,47,301Kyle road,Dr. Edward Shaw,queued,ticketed
13694590,George,Rhodes,74,390Franklin road,Michael Aguilar,queued,ticketed
142273676,Lori,Guerrero,115,167Sara road,Cheryl Perez,queued,ticketed
759200681,Darren,Turner,107,6Gabriel road,Catherine Martinez,queued,ticketed
741731923,Eric,Tapia,16,721Marissa road,Lisa Duffy,queued,ticketed
935282330,Glen,Zhang,4,502Jennifer road,Beverly Alexander,queued,ticketed
90519071,Carol,Garcia,118,53Carlos road,Adam Sherman,queued,ticketed
827027796,Julie,Mcbride,89,1023Rachel road,Brian Hansen,queued,ticketed
306609616,Christian,Payne,45,583Victoria road,Catherine Hicks,queued,ticketed
801474449,Wesley,Torres,97,1033Christopher road,Jennifer Greene,queued,ticketed
65826161,Susan,Hutchinson,22,428Christopher road,David Wood,queued,ticketed
959622884,Dustin,Davis,104,498Louis road,Sarah Morris,queued,ticketed
241572156,Sandra,Jordan,86,206Jacob road,Victoria Gardner,queued,ticketed
899385238,Nicholas,Ross,24,710Jennifer road,Sarah Cunningham,queued,ticketed
234646777,Madeline,Yang,82,563Joshua road,George Fitzgerald,queued,ticketed
965938596,James,Dalton,61,294Andrew road,Jean Jackson,queued,ticketed
553797400,Debra,Bush,16,1200Diana road,Jennifer Davidson,queued,ticketed
956819349,Larry,Hall,72,556Erica road,Paula Walter,queued,ticketed
409227351,Matthew,Smith,7,721William road,Andrea Simpson,queued,ticketed
605010547,Aaron,Mitchell,82,550David road,Christine Hatfield,queued,ticketed
862426955,Kyle,Clark,5,1050William road,Lisa Rodriguez,queued,ticketed
407562920,Michelle,Pearson,98,992Henry road,Lee Hoffman,queued,ticketed
135372375,Jesse,Reeves,39,491Robert road,Larry Williams,queued,ticketed
403473352,Michael,Hicks,53,220Robin road,Robert Ward,queued,ticketed
941173290,Benjamin,Galvan,3,688Michelle road,Tyler Johnson,queued,ticketed
202715684,Daniel,Hunt,50,128Mike road,Kyle Hernandez,queued,ticketed
804132836,James,Booker,76,161Brittany road,Jeremiah Howard,queued,ticketed
612639447,Monica,Shannon,76,3Cory road,Jimmy Thompson,queued,ticketed
585741053,Ian,Bailey,95,1090Tracie road,David Sandoval,queued,ticketed
799654240,Craig,Nguyen,56,624Stephen road,Jamie Smith,queued,ticketed
431333339,Timothy,Gibson,77,94Christopher road,Stephanie Underwood,queued,ticketed
77245505,Gabriela,Thomas,100,366Lisa road,Matthew Macdonald,queued,ticketed
513738490,Richard,Conner,117,264William road,Brenda Williams,queued,ticketed
149112008,Anthony,Perez,95,291Stephanie road,Michael Gibbs,queued,ticketed
202025102,Christopher,Krueger,60,771Cheryl road,Robert Garcia,queued,ticketed
530756032,Travis,Smith,4,393Albert road,Allison Perez,queued,ticketed
640450638,John,Armstrong,80,74Dean road,Catherine Doyle,queued,ticketed
180547099,Laura,Drake,56,821John road,Todd Gray,queued,ticketed
258886279,Kevin,Francis,26,696Mark road,Brian Blake,queued,ticketed
341222468,Anne,Mercado,55,183Randy road,Jacqueline Morrison,queued,ticketed
437531839,Victoria,Ward,115,364Scott road,Chelsea Rogers,queued,ticketed
499348711,Matthew,Spence,80,286Andrew road,Eric Barber,queued,ticketed
822896403,Bonnie,Wilson,55,127Lindsey road,Nathan Gordon,queued,ticketed
929595434,Deanna,Reed,69,172Taylor road,Jeffrey Anderson,queued,ticketed
315459650,Lisa,Craig,41,6Ashley road,Briana Sanchez,queued,ticketed
940136505,Angela,Carey,42,619Jenna road,Tammy Holland,queued,ticketed
79740295,Matthew,Alvarez,59,256Kara road,Eric Woodard,queued,ticketed
807222177,Diane,Black,23,649Brian road,Justin Carson,queued,ticketed
475731963,James,Ruiz,61,799Debra road,Sean Green,queued,ticketed
382409428,Jamie,Walter,96,1041Don road,Sheila Jones,queued,ticketed
91235334,Frederick,Martin,33,197Jessica road,Travis Crawford,queued,ticketed
862392879,Michael,Baker,51,225Jason road,Lisa Brandt,queued,ticketed
968258087,Robert,Sullivan,91,120Brittany road,Timothy Robinson,queued,ticketed
508630946,Louis,Nixon,117,806Nicholas road,Alexa Lozano,queued,ticketed
78315537,Phillip,Davenport,31,1144Patrick road,Alicia Baker,queued,ticketed
444163443,Gail,Carpenter,84,866David road,Lynn Wright,queued,ticketed
499635416,Sheena,Kidd,58,246Savannah road,Leslie Bowers,queued,ticketed
385272398,Chad,Martin,51,556Kimberly road,Andrew Gonzalez,queued,ticketed
128274732,Connie,Rivers,114,914Meghan road,Hunter Kelley,queued,ticketed
396585075,Lisa,Kirk,81,271Ryan road,Jon Bell,queued,ticketed
632117468,Luis,Olson,18,896Sergio road,Loretta Houston,queued,ticketed
640950933,Dawn,Hartman,105,1010Amanda road,Brenda Williams,queued,ticketed
185489929,Elizabeth,Baker,16,899Samuel road,Manuel Jackson,queued,ticketed
573680940,Vincent,Johnson,116,212Connie road,Rebecca Jones,queued,ticketed
281432475,Doris,Newton,29,1031Susan road,Stephen Anderson,queued,ticketed
445734858,Jessica,Cortez,110,757Sharon road,Seth Lawrence,queued,ticketed
359459997,Roberto,Walker,56,700Steven road,Dana Logan,queued,ticketed
503561387,Kyle,Morris,108,1172Jeanette road,Jacob Bryant,queued,ticketed
54609830,Jill,Ruiz,59,1058Alexander road,Frank Hamilton,queued,ticketed
957965136,Katie,Lang,55,1078Lisa road,Jennifer Barron,queued,ticketed
927850225,Samantha,Peterson,115,1198Mary road,Eric Tapia,queued,ticketed
624219029,Zachary,Cole,102,581Brittany road,Jacqueline Sweeney,queued,ticketed
562966109,Pamela,King,2,66Lisa road,Logan Cruz,queued,ticketed
713683869,Brianna,Smith,87,743Melissa road,Olivia Terry,queued,ticketed
240022040,Chelsea,Hall,41,726Christopher road,Amber Gilbert,queued,ticketed
768116439,Yolanda,Harper,40,356Laurie road,David Hill,queued,ticketed
231419602,Brianna,Bradford,83,545Thomas road,Amanda George,queued,ticketed
844363332,Christine,Frank,73,919Rachel road,Leonard Burnett,queued,ticketed
552555038,Lisa,Mcdaniel,97,1080Tammy road,Jessica Miranda,queued,ticketed
696603263,Lisa,Sanders,1,282Erik road,Andre Hartman,queued,ticketed
193715139,Nancy,Scott,80,180Barbara road,Jessica Bailey,queued,ticketed
978133892,Diamond,Kramer,77,59Benjamin road,Tamara Castillo,queued,ticketed
807858153,Dawn,Thompson,34,1064Lindsay road,Ronald Guerrero,queued,ticketed
14512070,Natalie,Bennett,8,119Theresa road,Danielle Macdonald MD,queued,ticketed
809583705,Charles,Martin,55,620Lawrence road,Connor Vance,queued,ticketed
744117520,Olivia,Russell,101,458Jillian road,Scott Russell,queued,ticketed
819970308,Renee,Brown,40,870Eric road,Erica Werner,queued,ticketed
720480171,Connor,Alvarez,85,1164Lauren road,Rachel Howard,queued,ticketed
202309979,Joseph,Gonzalez,37,542Christopher road,Bonnie Carter,queued,ticketed
428704083,Jason,Williams,95,1077Jessica road,Mark Benjamin,queued,ticketed
773778509,Anthony,Torres,97,84Carrie road,Gabriel Young,queued,ticketed
936309726,Cheryl,Hall,120,1004Stacey road,Miguel Rodriguez,queued,ticketed
611630223,Deanna,Roberts,110,131John road,Catherine Orozco,queued,ticketed
514105342,Nancy,Foster,98,1184Judy road,Willie Romero,queued,ticketed
200005810,Kimberly,Miller,20,1170Sheri road,Todd Santana,queued,ticketed
873024548,Brian,Cunningham,55,412Heather road,Kimberly Rogers,queued,ticketed
758817266,Kristina,Torres,13,354Nicole road,Alison Hubbard,queued,ticketed
882467976,Nicholas,Wilson,111,810Bridget road,Morgan Young,queued,ticketed
837262065,Autumn,Phillips,22,791Robert road,Kevin Nguyen,queued,ticketed
896727593,Matthew,Maldonado,110,406Sean road,Erin Long,queued,ticketed
327941647,Michael,Wong,80,878Daniel road,Samantha Anthony,queued,ticketed
888972081,Sydney,Schneider,10,1180Brittany road,Dr. Brittney Adams,queued,ticketed
793468842,Casey,Lewis,19,879Dana road,Rachel Flowers,queued,ticketed
938869176,Kim,Melton,7,1092Alexandra road,Tommy Cervantes,queued,ticketed
848979258,Mike,Jensen,36,1148Michelle road,William Barker,queued,ticketed
52024957,Stephen,Davis,21,703Lydia road,Tiffany Franco,queued,ticketed
970746554,Barbara,Woods,9,959Patricia road,John Rodriguez,queued,ticketed
694725829,Joseph,Barker,34,52Fred road,Robert Howard,queued,ticketed
109881217,Alexander,Frank,114,1163Kelsey road,Justin Mosley,queued,ticketed
526375001,Melanie,Foster,74,433Joshua road,Walter Lopez,queued,ticketed
957284473,Crystal,Robinson,35,371Robin road,Joshua Houston,queued,ticketed
727252627,Steven,Reyes,34,1109Pamela road,Brian Rodriguez Jr.,queued,ticketed
198268158,Eileen,Miller,120,1189Rodney road,Victoria Haley,queued,ticketed
142257717,Joan,Harrington,84,446Kelly road,Tiffany Galloway,queued,ticketed
667277915,Alexandria,Frederick,68,1118Betty road,Donald Williams,queued,ticketed
790957727,Samuel,Ortiz,43,624Sarah road,Rebecca Howell,queued,ticketed
693732466,Jack,Miller,63,199Daniel road,Michelle Bean,queued,ticketed
394471205,Angela,Johnson,97,919Elizabeth road,Meagan Mitchell,queued,ticketed
437631731,George,Gomez,77,786Erika road,Patricia Galloway,queued,ticketed
671052095,Anthony,Pittman,33,777Jody road,Michelle Yang,queued,ticketed
992125460,Craig,Wallace,44,349Christina road,Kevin Knight,queued,ticketed
609950022,Michael,Leonard,81,207Steven road,Jose Jackson,queued,ticketed
920077347,Caitlin,Duncan,73,870Karen road,Charles Foley,queued,ticketed
466942380,Annette,Haley,70,826Andrew road,Sheri Miller,queued,ticketed
147356477,Sarah,Watts,80,532Christopher road,Deborah Gordon,queued,ticketed
191373344,Johnathan,Walters,108,1118Juan road,Stacy Rowland,queued,ticketed
62823021,Ronald,Brown,69,381Katherine road,Timothy Walker,queued,ticketed
26808788,Bryan,Thompson,112,470Cassandra road,Matthew West,queued,ticketed
244562018,Raven,Mcpherson,103,440Jocelyn road,Mackenzie Simmons,queued,ticketed
13013086,Michelle,Stewart,89,614Gary road,Mark Martinez,queued,ticketed
248220338,Thomas,Osborne,79,257Holly road,Mary Thompson,queued,ticketed
948228568,Keith,Snyder,16,984Valerie road,Jose Roy,queued,ticketed
240297750,Alfred,Williams,96,1183Holly road,Michele Mccoy,queued,ticketed
131409706,Melissa,Patel,5,1091Cody road,Amanda Walker,queued,ticketed
648610520,Luke,Howard,85,919Evan road,Charles Williams,queued,ticketed
963556705,Claudia,Porter,69,223Tony road,Shawn Smith,queued,ticketed
297889206,Bailey,Jones,59,315Richard road,Robert Booth,queued,ticketed
638817316,Jasmine,Murphy,50,1022Joshua road,Cassandra Elliott,queued,ticketed
428239748,Shawn,Irwin,56,287Mary road,Richard Soto,queued,ticketed
57561139,Jeffrey,Vega,96,792Anthony road,Kimberly Perkins,queued,ticketed
160312445,Ann,Harvey,50,1119Shannon road,Timothy Andersen,queued,ticketed
475522525,Katherine,Lawson,98,648David road,Melinda Fuller,queued,ticketed
472892542,Joseph,Lloyd,105,126Shelby road,Tim Gamble,queued,ticketed
797503557,Michael,Blake,85,1083Christopher road,Melissa Peterson,queued,ticketed
878445992,Paul,Williams,4,778Herbert road,Michelle Sanchez,queued,ticketed
536270041,Virginia,Young,27,983Diana road,Brianna Cook,queued,ticketed
480319983,John,Brown,42,47Devin road,Beverly Duarte,queued,ticketed
328818339,Tammy,Holloway,14,330Brandon road,Christie Calderon,queued,ticketed
271947938,Tamara,Franklin,107,380Donald road,Gary Huffman,queued,ticketed
620332626,Justin,Craig,95,1036Richard road,Amanda Stevens,queued,ticketed
324616679,Brooke,Hughes,44,61Jennifer road,Karen Moore,queued,ticketed
988468906,Crystal,Smith,57,468Christina road,Timothy Myers,queued,ticketed
234912448,Micheal,Baker,45,320Christina road,Raymond Taylor,queued,ticketed
910466025,Austin,Brown,102,1097Jennifer road,David Wilson,queued,ticketed
836784898,Sarah,Pearson,110,637Michelle road,Thomas Smith,queued,ticketed
264112803,Nicholas,Graham,37,257Emily road,Nicholas Cardenas,queued,ticketed
